{
    "loss": 0.013226252235472202,
    "accuracy": 0.9882115840911865,
    "auc": 0.9743839263916015,
    "val_loss": 0.0264909565448761,
    "val_accuracy": 0.9734136700630188,
    "val_auc": 0.4835985481739044
}