{
    "loss": 0.025211993232369424,
    "accuracy": 0.9803515553474427,
    "auc": 0.7572426795959473,
    "val_loss": 0.07550663836300373,
    "val_accuracy": 0.960109531879425,
    "val_auc": 0.375
}