{
    "loss": 0.00474888205062598,
    "accuracy": 0.9873552203178406,
    "auc_1": 0.9988704681396484,
    "f1_score": 0.9868512868881225,
    "val_loss": 0.01874363049864769,
    "val_accuracy": 0.976833975315094,
    "val_auc_1": 0.9945768237113952,
    "val_f1_score": 0.8833231449127197
}