{
    "loss": 0.0012859989306889474,
    "accuracy": 0.9971364259719848,
    "auc_1": 0.9998219847679138,
    "f1_score": 0.9969384908676148,
    "val_loss": 0.013671737723052501,
    "val_accuracy": 0.9853925347328186,
    "val_auc_1": 0.9971267461776734,
    "val_f1_score": 0.9035583853721618
}