{
    "loss": 0.1365874484181404,
    "accuracy": 0.9854907274246216,
    "auc": 0.8816592454910278,
    "val_loss": 0.14462434351444245,
    "val_accuracy": 0.9758233070373535,
    "val_auc": 0.49426925778388975
}