{
    "loss": 0.17289979159832,
    "accuracy": 0.9830715298652649,
    "auc": 0.41044649481773376,
    "val_loss": 0.19057926535606384,
    "val_accuracy": 0.8650091350078583,
    "val_auc": 0.32870370149612427
}