{
    "loss": 5.045240211486816,
    "accuracy": 0.9694731593132019,
    "auc": 0.7133216857910156,
    "f1_score": 0.07830776870250702,
    "val_loss": 4.301639175415039,
    "val_accuracy": 0.9842862486839294,
    "val_auc": 0.7748754858970642,
    "val_f1_score": 0.06971672810614109
}