{
    "loss": 0.022993821650743484,
    "accuracy": 0.9510617852210999,
    "auc_1": 0.9886208891868591,
    "f1_score": 0.9513681292533874,
    "val_loss": 0.026059650629758836,
    "val_accuracy": 0.9410553336143493,
    "val_auc_1": 0.9867392539978027,
    "val_f1_score": 0.8572034120559693
}