{
    "loss": 0.001825967727927491,
    "accuracy": 0.9980044722557068,
    "auc": 1.0,
    "f1_score": 0.9671648740768433,
    "f1_score_at_05": 0.9355083107948303,
    "val_loss": 0.049693234264850616,
    "val_accuracy": 0.9685505747795105,
    "val_auc": 0.5460123419761658,
    "val_f1_score": 0.0,
    "val_f1_score_at_05": 0.0
}