{
    "loss": 0.019462261535227298,
    "accuracy": 0.9842781543731689,
    "auc": 0.9084433794021607,
    "val_loss": 0.012287437915802002,
    "val_accuracy": 0.9830814242362976,
    "val_auc": 0.5121109753847122
}