{
    "loss": 0.08246837258338928,
    "accuracy": 0.34106884002685545,
    "auc_1": 0.4934578001499176,
    "f1_score": 0.49382898211479187,
    "val_loss": 0.06671342402696609,
    "val_accuracy": 0.091889888048172,
    "val_auc_1": 0.5,
    "val_f1_score": 0.16376505494117738
}