{
    "loss": 0.00015306489149224944,
    "accuracy": 0.9998391151428223,
    "auc_1": 0.9999995470046997,
    "f1_score": 0.9998391270637512,
    "val_loss": 0.011901123821735382,
    "val_accuracy": 0.9871299862861633,
    "val_auc_1": 0.9976873755455017,
    "val_f1_score": 0.9872481942176818
}