{
    "loss": 0.003004925628192723,
    "accuracy": 0.9918275475502014,
    "auc_1": 0.9996140003204346,
    "f1_score": 0.9872571110725403,
    "val_loss": 0.03111438825726509,
    "val_accuracy": 0.9599099159240723,
    "val_auc_1": 0.9918901324272156,
    "val_f1_score": 0.6865838050842286
}