Model,Accuracy,Precision,Recall,F1 Score,True Positives,False Positives,True Negatives,False Negatives
RNN,0.9866989117291415,1.0,0.15384615384615385,0.2666666666666667,2,0,814,11
DenseNet,0.9818621523579202,0.0,0.0,0.0,0,2,812,13
Ensemble,0.9854897218863361,1.0,0.07692307692307693,0.14285714285714288,1,0,814,12
