Model,Accuracy,Precision,Recall,F1 Score,True Positives,False Positives,True Negatives,False Negatives
RNN,0.9842805320435308,0.0,0.0,0.0,0,0,814,13
DenseNet,0.875453446191052,0.02127659574468085,0.15384615384615385,0.037383177570093455,2,92,722,11
CNN-LSTM,0.9842805320435308,0.0,0.0,0.0,0,0,814,13
Ensemble,0.9842805320435308,0.0,0.0,0.0,0,0,814,13
