Model,Accuracy,Precision,Recall,F1 Score,True Positives,False Positives,True Negatives,False Negatives
RNN,0.9842805320435308,0.0,0.0,0.0,0,0,814,13
DenseNet,0.9879081015719468,1.0,0.23076923076923078,0.375,3,0,814,10
CNN-LSTM,0.9842805320435308,0.0,0.0,0.0,0,0,814,13
Ensemble,0.9842805320435308,0.0,0.0,0.0,0,0,814,13
